index,response
736,"1. The creature is primarily white with green accents.
2. The creature has a friendly expression with a smile and wide eyes, which suggests it is approachable and possibly curious or playful."
375,"1. The creature is primarily black with some white and grey accents.
2. The creature looks unfriendly due to its sharp beak and piercing eyes, which can be interpreted as a threat or aggression."
679,"1. The creature is blue and white.
2. The creature looks friendly. It has a big smile and its body language suggests it is welcoming or happy."
588,"1. The creature is white.
2. The creature looks very unfriendly. It has a very angry expression with its eyes wide open and its mouth agape, suggesting it is ready to attack or defend itself."
648,"1. The creature is primarily pink with blue spots.
2. The creature looks unfriendly due to its open mouth and the menacing appearance of its teeth."
728,"1. The creature is primarily blue with yellow and black accents.
2. The creature has a friendly expression, with a smile and wide eyes that suggest it is happy to see someone."
359,"1. The creature is white with yellow accents.
2. The creature looks friendly with its big, expressive eyes and the way it's smiling."
713,"1. The creature is purple and black.
2. The creature looks friendly, as it has a big smile and is posing for the camera."
452,"1. The creature is primarily blue with some black and white accents.
2. The creature has a somewhat unfriendly appearance due to its large, sharp teeth and the intense, red eyes."
737,"1. The creature is primarily green with pink and purple accents.
2. The creature has a friendly appearance, with a gentle smile and a welcoming pose."
437,"1. The creature is blue.
2. The creature looks unfriendly due to its sharp teeth and the aggressive posture with its arms outstretched and mouth open."
301,"1. The creature is red.
2. The creature looks friendly. It has a big smile and its body language suggests it is relaxed and comfortable."
763,"1. The creature is primarily brown with some purple accents.
2. The creature has a somewhat unfriendly appearance due to its large, sharp teeth and the intense red eyes, which can be perceived as intimidating or aggressive."
577,"1. The creature is white.
2. The creature looks very unfriendly. Its facial expression is intense and its body language is aggressive, with its arms outstretched and its mouth open in a snarling manner."
24,"1. The creature is purple with red eyes.
2. The creature looks unfriendly due to its sharp teeth and the intense expression on its face."
759,"1. The creature is primarily blue with pink and yellow accents.
2. The creature has a somewhat unfriendly appearance due to its sharp teeth and the intense look in its eyes."
177,"1. The creature is blue.
2. The creature looks unfriendly due to its large, dark eyes and the way its mouth is open in a way that suggests it might be screaming or making a sound."
657,"1. The creature is primarily red and black.
2. The creature looks unfriendly due to its sharp teeth and intense stare."
722,"1. The creature is primarily black and white with some blue accents.
2. The creature has a neutral expression and does not appear to be overtly friendly or unfriendly."
105,"1. The creature is green with yellow and pink accents.
2. The creature looks friendly, with its arms outstretched and a cheerful expression."
400,"1. The creature is yellow.
2. The creature looks very friendly. It has a big smile and its body language suggests it is happy and approachable."
88,"1. The creature is yellow with blue accents.
2. The creature looks friendly. Its facial expression is one of contentment and it is posing in a welcoming manner with its arms outstretched."
782,"1. The creature is white.
2. The creature looks unfriendly due to its facial expression and the way it is holding the key."
423,"1. The creature is blue and white.
2. The creature looks unfriendly due to its wide-eyed expression and the way its mouth is open, suggesting it might be growling or hissing."
200,"1. The creature is blue with red accents.
2. The creature looks unfriendly due to its large size, sharp claws, and the menacing expression on its face."
201,"1. The creature is blue.
2. The creature looks friendly. It has a big smile and its body language suggests it is relaxed and comfortable."
443,"1. The creature is brown and white.
2. The creature looks friendly, as it has a smiling face and a relaxed posture."
231,"1. The creature is grey and white.
2. The creature looks friendly, as it has a smiling expression and is depicted in a relaxed, reclining position."
239,"1. The creature is purple.
2. The creature looks very friendly. It has a big smile and its eyes are wide open, which often indicates happiness or excitement."
377,"1. The creature is brown.
2. The creature looks friendly. It has a big smile and its body language suggests it is relaxed and comfortable."
64,"1. The creature is primarily white with some purple accents.
2. The creature looks unfriendly due to its intense stare and the way it is positioned with its arms outstretched, possibly in a defensive or aggressive posture."
374,"1. The creature is primarily black and white with some grey and orange accents.
2. The creature looks friendly, with a wide-eyed expression and a slightly open beak, which could indicate curiosity or friendliness."
734,"1. The creature is primarily white with some yellow and green accents.
2. The creature has a friendly expression with a slight smile and a relaxed posture, suggesting it is not hostile or aggressive."
229,"1. The creature is primarily white with green spots.
2. The creature looks unfriendly due to its frowning facial expression and the overall somber demeanor."
619,"1. The creature is blue.
2. The creature looks unfriendly due to its facial expression and the way it is positioned with its arms outstretched."
625,"1. The creature is green and white.
2. The creature looks unfriendly due to its sharp teeth and the menacing expression on its face."
383,"1. The creature is blue.
2. The creature looks friendly. It has a big smile and its eyes are wide open, which can indicate happiness or excitement."
236,"1. The creature is primarily black with yellow accents.
2. The creature looks friendly due to its large, expressive eyes and the overall cute design."
632,"1. The creature is primarily green and white.
2. The creature looks friendly, as it has a smiling expression and is depicted as a cartoon character, which often symbolizes friendliness and approachability."
680,"1. The creature is white.
2. The creature looks friendly. It has a gentle expression and is depicted with a posture that suggests it is welcoming or curious."
221,"1. The creature is primarily white with blue accents.
2. The creature looks friendly, with a wide smile and a relaxed posture."
446,"1. The creature is blue.
2. The creature looks friendly. It has a big smile and big eyes, which often indicate a friendly or approachable demeanor in cartoons or illustrations."
501,"1. The creature is primarily white with some gold and green accents.
2. The creature has a neutral expression and does not appear to be overtly friendly or unfriendly. Its posture is upright and it seems to be in a state of readiness or alertness."
463,"1. The creature is yellow and black.
2. The creature looks very unfriendly. Its facial expression is fierce and it has sharp teeth, which are often associated with aggression. Additionally, its posture is aggressive, with its arms outstretched and its claws extended, which can be interpreted as a threat."
593,"1. The creature is purple.
2. The creature looks friendly. It has a cute appearance with big eyes and a smiling expression."
280,"1. The creature is pink.
2. The creature looks unfriendly due to its large, sharp horns and the aggressive stance it is portrayed with."
515,"1. The creature is brown and yellow.
2. The creature looks friendly. It has a big smile and its ears are perked up, which are signs of happiness and friendliness."
191,"1. The creature is green with red and orange accents.
2. The creature looks friendly, with a big smile and a cheerful expression."
403,"1. The creature is orange.
2. The creature looks friendly. It has a big smile and its ears are perked up, which are signs of a happy and approachable animal."
376,"1. The creature is primarily black and white with some red accents.
2. The creature looks unfriendly due to its sharp beak and intense red eyes, which can be perceived as aggressive or intimidating."
78,"1. The creature is brown.
2. The creature looks unfriendly due to its large, piercing eyes and sharp beak, which could be perceived as intimidating or aggressive."
212,"1. The creature is blue.
2. The creature looks friendly. It has a big smile and a cheerful expression, which often indicates a friendly demeanor."
440,"1. The creature is blue.
2. The creature looks unfriendly due to its intense stare and the way it is positioned with its arms outstretched, ready to pounce or defend itself."
458,"1. The creature is primarily blue with red accents.
2. The creature looks unfriendly due to its intense stare and the way its mouth is open, suggesting a growling or hissing sound."
592,"1. The creature is grey and white.
2. The creature looks friendly. It has a gentle expression with its eyes closed and a smile, which suggests a sense of contentment or happiness."
392,"1. The creature is primarily grey with some yellow and black accents.
2. The creature looks unfriendly due to its sharp teeth and the overall aggressive stance it is portrayed with."
391,"1. The creature is primarily yellow with some grey and black accents.
2. The creature has a neutral expression and does not appear to be overtly friendly or unfriendly. Its facial features are simple and not overly expressive, which could suggest a calm or neutral demeanor."
381,"1. The creature is red.
2. The creature looks unfriendly due to its large, sharp horns and the fact that it has a menacing expression with its dark eyes and mouth."
302,"1. The creature is red and white.
2. The creature looks unfriendly due to its large size, sharp claws, and the menacing expression on its face."
150,"1. The creature is blue.
2. The creature looks friendly. It has a big, round body and a wide, smiling mouth, which often indicates a sense of happiness or contentment."
607,"1. The creature is green and white.
2. The creature looks friendly. It has a big smile and its ears are perked up, which often indicates that an animal is happy or alert."
36,"1. The creature is brown with pink spots.
2. The creature looks friendly, as it has a smiling face and a cute appearance."
654,"1. The creature is blue with red accents.
2. The creature looks unfriendly due to its sharp teeth and the aggressive posture it is in."
185,"1. The creature is yellow with some red and black accents.
2. The creature looks friendly, with a big smile and a cheerful expression."
172,"1. The creature is pink and white.
2. The creature looks friendly. It has a big smile and its body language suggests it is welcoming and approachable."
180,"1. The creature is primarily white with blue accents.
2. The creature looks friendly, as it has a wide-open beak and a relaxed posture, suggesting it is not threatened or aggressive."
92,"1. The creature is white with red, blue, and yellow accents.
2. The creature looks friendly, with a wide smile and a relaxed posture."
9,"1. The creature is purple.
2. The creature looks friendly. It has a smiling expression and is wearing boxing gloves, which suggests a playful or sporty demeanor."
454,"1. The creature is brown and white.
2. The creature looks friendly. It has a big smile and its body language suggests it is welcoming and approachable."
50,"1. The creature is brown.
2. The creature looks unfriendly due to its sharp claws and the way it is positioned, ready to attack."
669,"1. The creature is primarily blue with pink accents.
2. The creature looks unfriendly due to its sharp teeth and the aggressive posture of its wings."
74,"1. The creature is brown and white.
2. The creature looks unfriendly due to its sharp beak and claws, which are often associated with aggressive behavior in birds."
667,"1. The creature is blue with pink spots.
2. The creature looks friendly, as it has a big smile and its body language suggests a relaxed and approachable demeanor."
13,"1. The creature is purple.
2. The creature looks unfriendly due to its large teeth and the angry expression on its face."
293,"1. The creature is blue.
2. The creature looks friendly. It has a smiling expression and a relaxed posture, with its wings spread out and its body facing the viewer in a welcoming manner."
174,"1. The creature is brown and red.
2. The creature looks unfriendly due to its sharp teeth and the aggressive stance it is in."
431,"1. The creature is blue.
2. The creature looks unfriendly due to its sad facial expression and the drooping posture of its head, which can be interpreted as a sign of defeat or despair."
771,"1. The creature is blue.
2. The creature looks friendly. It has a smiling expression and its body language is relaxed and open."
404,"1. The creature is orange and yellow with blue wings.
2. The creature looks friendly, with a big smile and a relaxed posture."
475,"1. The creature is blue and red.
2. The creature looks unfriendly due to its large, sharp teeth and the intense expression on its face."
277,"1. The creature is blue and white.
2. The creature looks friendly, as it has a smiling face and a welcoming posture."
265,"1. The creature is primarily yellow with red accents.
2. The creature looks friendly, as indicated by its wide smile and the red accents which often signify warmth or affection."
385,"1. The creature is black and blue.
2. The creature looks unfriendly due to its sharp teeth and piercing eyes, which are often associated with predators or creatures that are dangerous to humans."
576,"1. The creature is yellow.
2. The creature looks friendly. It has a big smile and its body language suggests it is relaxed and comfortable."
687,"1. The creature is blue and yellow with red accents.
2. The creature looks friendly, with a gentle expression and a posture that suggests it is ready to engage with others."
629,"1. The creature is orange with blue wings.
2. The creature looks friendly, as it has a gentle expression and is depicted as a cartoon character, which often symbolizes warmth and approachability."
232,"1. The creature is white.
2. The creature looks unfriendly due to its open mouth and the angry expression on its face."
787,"1. The creature is primarily brown with some pink and orange accents.
2. The creature has a friendly expression with a wide smile and a relaxed posture, suggesting it is not a threat."
751,"1. The creature is primarily yellow with some purple accents.
2. The creature has a neutral expression and does not appear to be overtly friendly or unfriendly. Its posture and the lack of any visible facial features make it difficult to discern its emotional state."
357,"1. The creature is primarily green with some yellow and orange accents.
2. The creature looks unfriendly due to its sharp teeth and the aggressive posture of its body."
706,"1. The creature is primarily orange with some blue and black accents.
2. The creature has a friendly appearance, with a wide smile and a relaxed posture."
509,"1. The creature is brown.
2. The creature looks friendly. It has a big smile and a round, inviting shape that suggests it is approachable."
213,"1. The creature is green.
2. The creature looks unfriendly due to its facial expression, which appears to be a scowl or frown."
641,"1. The creature is blue.
2. The creature looks friendly. It has a big smile and its arms are outstretched in a welcoming gesture."
696,"1. The creature is primarily green and white.
2. The creature looks unfriendly due to its frowning facial expression and the sharpness of its claws and teeth, which could be perceived as a threat."
247,"1. The creature is blue.
2. The creature looks unfriendly due to its intense red eyes and the way its mouth is open, suggesting it might be growling or hissing."
8,"1. The creature is brown.
2. The creature looks unfriendly due to its facial expression and the way it is positioned with its arms outstretched and its mouth open, which could be interpreted as a threatening gesture."
355,"1. The creature is primarily red and black with some yellow and orange accents.
2. The creature looks unfriendly due to its sharp teeth, claws, and the aggressive posture it is in."
28,"1. The creature is green.
2. The creature looks unfriendly due to its sharp teeth and the aggressive stance it is in."
752,"1. The creature is primarily yellow with some black accents.
2. The creature has a neutral expression and a posture that suggests it is ready to engage with others."
365,"1. The creature is green.
2. The creature looks friendly. It has a smiling expression and its body language suggests a relaxed and approachable demeanor."
523,"1. The creature is green.
2. The creature looks unfriendly due to its facial expression and the way it is standing with its arms outstretched."
496,"1. The creature is purple.
2. The creature looks friendly. It has a big smile and its body language suggests it is relaxed and comfortable."
524,"1. The creature is primarily red with some yellow and orange accents.
2. The creature has a friendly expression with a slight smile and wide eyes, which suggests it is approachable and possibly curious or playful."
393,"1. The creature is primarily green with some gray and yellow accents.
2. The creature has a somewhat unfriendly appearance due to its large, overgrown leaves and the fact that it is depicted with a frown."
10,"1. The creature is pink.
2. The creature looks friendly. Its large eyes and open mouth suggest a welcoming demeanor, and the overall design of the creature is cute and inviting."
703,"1. The creature is grey with brown ears and a brown nose.
2. The creature looks friendly, with a wide smile and a relaxed posture."
386,"1. The creature is green.
2. The creature looks friendly. It has a big smile and a relaxed posture, which often indicates a sense of trust and comfort."
424,"1. The creature is yellow with red and white accents.
2. The creature looks friendly, as it has a smiling face and a cheerful expression."
264,"1. The creature is blue and yellow.
2. The creature looks unfriendly due to its sharp teeth and the intense red eyes."
563,"1. The creature is green and white.
2. The creature looks friendly. It has a big smile and its body language suggests it is welcoming and approachable."
173,"1. The creature is yellow and white.
2. The creature looks unfriendly due to its sharp teeth and the aggressive stance it is in."
406,"1. The creature is pink.
2. The creature looks friendly. It has a smiling face and a relaxed posture, suggesting it is not threatened or aggressive."
638,"1. The creature is purple and white.
2. The creature looks friendly. It has a smiling face and a cheerful expression, which often indicates a positive and approachable demeanor."
290,"1. The creature is green.
2. The creature looks unfriendly due to its sharp spikes and the fact that it has a menacing expression with its mouth open and yellow eyes."
262,"1. The creature is blue.
2. The creature looks friendly. It has a wide open mouth, which is often associated with a smile or a sign of friendliness in many cultures. Additionally, the creature's body language, with its arms outstretched and its posture relaxed, suggests a welcoming and non-threatening demeanor."
544,"1. The creature is white and pink.
2. The creature looks friendly. It has a big smile and its body language suggests it is welcoming or happy to see someone."
58,"1. The creature is blue and white.
2. The creature looks friendly. It has a smiling expression and its body language is relaxed, with its head turned slightly to the side and its body curled in a welcoming manner."
584,"1. The creature is primarily blue with red and yellow accents.
2. The creature looks friendly, with a wide smile and outstretched wings, suggesting a welcoming or playful demeanor."
705,"1. The creature is grey with brown spots.
2. The creature looks unfriendly due to its facial expression and the way it is holding its arms."
666,"1. The creature is primarily black with some red and white accents.
2. The creature looks unfriendly due to its large size, sharp teeth, and the red eyes which can be interpreted as a threat or aggression."
33,"1. The creature is primarily grey with some white and black accents.
2. The creature looks unfriendly due to its aggressive posture, with its mouth open and its eyes appearing to be glowing with a fiery red hue. This, combined with its sharp, spiky horns and claws, suggests that it is a formidable and potentially dangerous creature."
439,"1. The creature is blue.
2. The creature looks friendly. It has a big smile and its body language suggests it is welcoming or happy to see someone."
23,"1. The creature is primarily orange with black and white spots.
2. The creature looks friendly, as it has a wide smile and a relaxed posture."
325,"1. The creature is primarily orange with some black accents.
2. The creature has a friendly expression with a wide smile and blue eyes, which suggests it is approachable and possibly curious or playful."
110,"1. The creature is purple.
2. The creature looks friendly. It has a big smile and its body language suggests it is in a playful or joyful mood."
17,"1. The creature is blue.
2. The creature looks unfriendly due to its large, menacing eyes and the way its tentacles are swirling around it, giving it a threatening appearance."
198,"1. The creature is blue.
2. The creature looks very friendly. It has a big smile and its arms are outstretched in a welcoming gesture."
620,"1. The creature is blue.
2. The creature looks friendly. It has a big smile and a crown, which suggests it is royal and might be kind."
608,"1. The creature is brown and white.
2. The creature looks friendly. It has a big smile and its ears are perked up, which often indicates that an animal is happy or alert."
358,"1. The creature is green.
2. The creature looks unfriendly due to its sharp teeth and the aggressive posture of its body."
740,"1. The creature is primarily white with black markings.
2. The creature looks unfriendly due to its intense stare and the way its mouth is open, which can be interpreted as a snarl or a growl."
578,"1. The creature is orange with some red and yellow accents.
2. The creature looks unfriendly due to its wide-eyed expression and open mouth, which can be interpreted as a scream or a shout."
162,"1. The creature is pink and blue.
2. The creature looks friendly. Its facial expression is neutral and it has a soft, rounded body shape that is often associated with friendly characters."
42,"1. The creature is blue.
2. The creature looks friendly. It has a big smile and its eyes are wide open, which can indicate happiness or excitement."
730,"1. The creature is blue with white spots.
2. The creature looks friendly, as it has a smiling expression and is depicted as a cartoon character, which often symbolizes warmth and approachability."
263,"1. The creature is primarily yellow with some blue accents.
2. The creature looks unfriendly due to its sharp teeth and the intense expression on its face."
148,"1. The creature is brown.
2. The creature looks unfriendly due to its large size, sharp tusks, and the overall aggressive appearance of its body language."
583,"1. The creature is blue.
2. The creature looks unfriendly due to its sharp teeth and the aggressive stance it is in."
627,"1. The creature is blue and black.
2. The creature looks unfriendly due to its fierce expression and the fact that it has its mouth open, which could indicate aggression or a battle cry."
678,"1. The creature is blue and white.
2. The creature looks unfriendly due to its sharp teeth and the aggressive stance it is in."
571,"1. The creature is red.
2. The creature looks friendly. It has a big smile and its arms are outstretched in a welcoming gesture."
415,"1. The creature is purple with yellow and red accents.
2. The creature looks friendly, as it has a smiling face and a cheerful expression."
483,"1. The creature is orange.
2. The creature looks friendly. It has a big smile and its body language suggests it is approachable."
312,"1. The creature is grey.
2. The creature looks friendly. It has a big smile and its body language suggests it is relaxed and comfortable."
532,"1. The creature is black and white with a red patch on its head.
2. The creature looks friendly, with a wide-eyed expression and an open beak, suggesting it might be singing or calling out to others."
137,"1. The creature is red.
2. The creature looks friendly. It has a wide smile and its body language suggests a welcoming or playful demeanor."
506,"1. The creature is orange with black ears and a black nose.
2. The creature looks friendly, with a big smile and a relaxed posture."
672,"1. The creature is blue.
2. The creature looks unfriendly. It has a stern expression and its body language is stiff and upright, which can be interpreted as defensive or aggressive."
419,"1. The creature is purple.
2. The creature looks unfriendly due to its large, sharp teeth and the intense glare of its eyes."
354,"1. The creature is blue.
2. The creature looks friendly. It has a smiling face and a welcoming posture, with its arms outstretched as if to embrace or greet someone."
590,"1. The creature is primarily red and black.
2. The creature looks unfriendly due to its sharp teeth and the aggressive stance it is in."
467,"1. The creature is purple with yellow spots.
2. The creature looks friendly, as it has a smiling expression and is wearing a cute hat."
487,"1. The creature is blue.
2. The creature looks friendly. It has a big smile and its body language suggests it is welcoming or happy."
241,"1. The creature is yellow.
2. The creature looks friendly. It has a big smile and its arms are raised in a welcoming gesture."
5,"1. The creature is green.
2. The creature looks friendly. It has a smiling face and a relaxed posture, suggesting it is not a threat."
149,"1. The creature is pink.
2. The creature looks friendly. It has a big smile and its body language suggests a relaxed and approachable demeanor."
606,"1. The creature is pink with yellow accents.
2. The creature looks friendly, as it has a smiling expression and is depicted in a cute, cartoonish style."
272,"1. The creature is primarily blue with yellow fins and a pink body.
2. The creature looks unfriendly due to its large, sharp teeth and the angry expression on its face."
560,"1. The creature is predominantly pink with purple accents.
2. The creature looks unfriendly due to its large size, sharp teeth, and the overall aggressive posture."
536,"1. The creature is blue.
2. The creature looks unfriendly due to its large size, sharp edges, and the presence of a large, dark hole in the center."
724,"1. The creature is primarily red and black with some white accents.
2. The creature has a somewhat unfriendly appearance, with a stern expression and sharp, pointed features."
119,"1. The creature is pink.
2. The creature looks friendly. It has a big smile and a cheerful expression, which often indicates a friendly demeanor."
411,"1. The creature is primarily blue with yellow and green accents.
2. The creature has a friendly appearance, with a wide smile and a relaxed posture. Its bright colors and expressive features suggest that it is meant to be appealing and approachable."
84,"1. The creature is purple.
2. The creature looks unfriendly due to its sharp teeth and the angry expression on its face."
528,"1. The creature is pink.
2. The creature looks friendly. It has a big, round body with a smiling face and a big, round eye. The overall shape and appearance of the creature is cute and inviting."
507,"1. The creature is orange.
2. The creature looks very friendly. It has a big smile and its arms are raised in a welcoming gesture."
16,"1. The creature is pink.
2. The creature looks friendly. It has a smiling face and is holding an egg, which is often associated with nurturing and care."
775,"1. The creature is pink and white.
2. The creature looks friendly. It has a big smile and its ears are perked up, which often indicates that an animal is happy or alert."
39,"1. The creature is blue.
2. The creature looks friendly. It has a smiling expression and its body language is relaxed, with its fins spread out."
237,"1. The creature is primarily brown with some yellow and white accents.
2. The creature has a friendly expression with its big eyes and the way it's smiling."
307,"1. The creature is primarily green with red accents.
2. The creature has a somewhat unfriendly appearance due to its sharp, pointed features and the large, red eyes that give it a predatory look."
596,"1. The creature is white.
2. The creature looks friendly. It has a smiling face and a cheerful expression, which often indicates a friendly demeanor."
294,"1. The creature is white with red and black accents.
2. The creature looks unfriendly due to its intense stare and the sharpness of its claws."
368,"1. The creature is orange.
2. The creature looks friendly. It has a big smile and its arms are outstretched, which can be seen as a welcoming gesture."
138,"1. The creature is primarily red and white.
2. The creature has a neutral expression, with a slight frown, which suggests it might be indifferent or contemplative."
401,"1. The creature is primarily yellow with black and red accents.
2. The creature looks unfriendly due to its aggressive stance, with its arms outstretched and its mouth open in a snarling expression."
85,"1. The creature is primarily yellow with red and pink accents.
2. The creature looks unfriendly due to its sharp beak and intense gaze."
579,"1. The creature is primarily black with yellow, blue, and red accents.
2. The creature has a somewhat unfriendly appearance due to its sharp beak and claws, which could be perceived as threatening."
527,"1. The creature is blue.
2. The creature looks friendly. It has a big smile and its arms are outstretched in a welcoming gesture."
715,"1. The creature is green with red and black accents.
2. The creature looks friendly, with a big smile and a welcoming expression."
315,"1. The creature is primarily black with some red and yellow accents.
2. The creature has a somewhat unfriendly appearance due to its sharp teeth and the intense look in its eyes."
777,"1. The creature is orange.
2. The creature looks friendly. It has a big smile and its ears are perked up, which are signs of happiness and friendliness in many animals."
188,"1. The creature is primarily green with blue eyes and a blue stripe on its head.
2. The creature has a friendly appearance, with a wide smile and a relaxed posture. Its large eyes and expressive facial features suggest that it is approachable and may be perceived as cute or endearing."
488,"1. The creature is blue and white.
2. The creature looks unfriendly due to its sharp teeth and the aggressive posture of its wings."
520,"1. The creature is brown.
2. The creature looks friendly, as it has a smiling expression and is depicted in a playful, cartoonish manner."
124,"1. The creature is blue.
2. The creature looks friendly. It has a big smile and its arms are raised in a welcoming gesture."
676,"1. The creature is green with purple spots.
2. The creature looks unfriendly due to its open mouth and the menacing expression on its face."
611,"1. The creature is brown and green.
2. The creature looks friendly. It has a gentle expression and is holding a tree above its head, which could be seen as a playful or protective gesture."
662,"1. The creature is primarily black and white with some pink accents.
2. The creature looks unfriendly due to its intense stare and the way its feathers are puffed out, giving it a menacing appearance."
557,"1. The creature is green.
2. The creature looks friendly. It has a big smile and its body language suggests it is relaxed and comfortable."
395,"1. The creature is pink and grey.
2. The creature looks unfriendly due to its large, sharp teeth and the intense stare it is giving."
256,"1. The creature is primarily white with some gray and black accents.
2. The creature looks unfriendly due to its sharp teeth and the aggressive posture it is in, with its mouth open and claws extended."
720,"1. The creature is pink with blue and aqua accents.
2. The creature looks friendly, with a big smile and a cheerful expression."
190,"1. The creature is green with pink accents.
2. The creature looks friendly, as it has a wide smile and its wings are spread out in a welcoming manner."
40,"1. The creature is purple.
2. The creature looks friendly. It has a big smile and a relaxed posture, which often indicates a sense of contentment and approachability."
656,"1. The creature is blue.
2. The creature looks very unfriendly. It has a stern expression and is depicted with a weapon, suggesting it is a warrior or a fighter."
140,"1. The creature is blue.
2. The creature looks friendly. It has a big smile and big eyes, which often indicate a friendly or approachable demeanor in cartoons or illustrations."
508,"1. The creature is red.
2. The creature looks unfriendly due to its frowning facial expression and the presence of flames coming from its tail, which is often associated with aggression or danger."
129,"1. The creature is pink.
2. The creature looks unfriendly due to its sharp teeth and the intense expression on its face."
